time,source,line,baseline_label,guided_label,baseline_next,guided_next,baseline_path,guided_path,baseline_base_cost,baseline_gate_queue_penalty,baseline_service_penalty,baseline_source_release_penalty,baseline_downstream_release_penalty,baseline_exit_pressure_penalty,baseline_total_cost,guided_base_cost,guided_gate_queue_penalty,guided_service_penalty,guided_source_release_penalty,guided_downstream_release_penalty,guided_exit_pressure_penalty,guided_total_cost
0.0,Platform_L16_B_C5_Wait,L16,PaperImprovedAStar,OurSinglePath,Stair_L16_4,Escalator_L16_up4,L16_B_C5_Wait -> Stair_L16_4 -> L16_S2 -> L16_10,L16_B_C5_Wait -> Escalator_L16_up4 -> L16_S2 -> L16_10,41.748989228070386,1.728,0.36,0.4926252100840336,0.0,0.4242857142857143,44.75390015244013,41.351398522541714,1.728,0.36,0.7630310850439883,0.0,0.4242857142857143,44.626715321871416
0.0,Platform_L7_C2_Wait,L7,PaperImprovedAStar,OurSinglePath,Escalator_L7_up1,Stair_L7_1,L7_C2_Wait -> Escalator_L7_up1 -> L7_West_Vert -> VN_L7_Corner_2 -> L7_7,L7_C2_Wait -> Stair_L7_1 -> L7_N_West -> VN_L7_Corner_1 -> L7_8/9,36.9157092364374,311.79686399999997,1.08,4.769585253456221,0.0,0.0,354.5621584898936,46.27104813538082,300.23999999999995,3.0,3.533428165007112,0.0,0.0,353.0444763003879
0.0,Platform_L7_C3_Wait,L7,PaperImprovedAStar,OurSinglePath,Stair_L7_1,Stair_L7_2,L7_C3_Wait -> Stair_L7_1 -> L7_West_Vert -> VN_L7_Corner_2 -> L7_7,L7_C3_Wait -> Stair_L7_2 -> L7_N_West -> VN_L7_Corner_1 -> L7_8/9,42.68428351430936,311.79686399999997,1.08,2.7652916073968705,0.0,0.0,358.3264391217062,47.49189696042053,300.23999999999995,3.0,3.35365152386429,0.0,0.0,354.0855484842848
1.0,Platform_L2_Z1_Wait,L2,PaperImprovedAStar,OurSinglePath,Stair_L2_1,Stair_L2_3,L2_Z1_Wait -> Stair_L2_1 -> L2_N_West -> L2_2,L2_Z1_Wait -> Stair_L2_3 -> L2_S_West -> L2_4,36.4259741260325,604.786176,1.08,7.636089924553529,0.0,14.256000000000002,664.184240050586,44.816958095040974,595.5428571428572,0.6171428571428572,7.599061353124958,0.0,14.142857142857144,662.7188765910231
1.0,Platform_L7_C2_Wait,L7,PaperImprovedAStar,OurSinglePath,Escalator_L7_up1,Stair_L7_1,L7_C2_Wait -> Escalator_L7_up1 -> L7_West_Vert -> VN_L7_Corner_2 -> L7_7,L7_C2_Wait -> Stair_L7_1 -> L7_N_West -> VN_L7_Corner_1 -> L7_8/9,36.9157092364374,288.90086399999996,1.08,4.562211981566819,0.0,0.0,331.45878521800415,46.27104813538082,269.28,3.0,3.379800853485064,0.0,0.0,321.9308489888659
1.0,Platform_L7_C3_Wait,L7,PaperImprovedAStar,OurSinglePath,Stair_L7_1,Stair_L7_2,L7_C3_Wait -> Stair_L7_1 -> L7_West_Vert -> VN_L7_Corner_2 -> L7_7,L7_C3_Wait -> Stair_L7_2 -> L7_N_West -> VN_L7_Corner_1 -> L7_8/9,42.68428351430936,288.90086399999996,1.08,2.6884779516358464,0.0,0.0,335.3536254659452,47.49189696042053,269.28,3.0,3.2604945370902816,0.0,0.0,323.0323914975108
2.0,Platform_L18_C5_Wait,L18,PaperImprovedAStar,OurSinglePath,Escalator_L18_down4,Stair_L18_2,L18_C5_Wait -> Escalator_L18_down4 -> L18_S2 -> VN_L18_Exit17_Entrance -> Stair_L18_Exit17 -> L18_17,L18_C5_Wait -> Stair_L18_2 -> L18_S1 -> VN_L18_Exit17_Entrance -> Stair_L18_Exit17 -> L18_17,93.9364115974564,30.240000000000002,0.6171428571428572,2.153259361997226,0.0,0.0,126.94681381659649,97.16770887527441,27.422064,0.54,1.5428571428571431,0.0,0.0,126.67263001813156
2.0,Platform_L18_C6_Wait,L18,PaperImprovedAStar,OurSinglePath,Escalator_L18_down4,Stair_L18_2,L18_C6_Wait -> Escalator_L18_down4 -> L18_S2 -> VN_L18_Exit17_Entrance -> Stair_L18_Exit17 -> L18_17,L18_C6_Wait -> Stair_L18_2 -> L18_S1 -> VN_L18_Exit17_Entrance -> Stair_L18_Exit17 -> L18_17,96.18686409061209,30.240000000000002,0.6171428571428572,2.527739251040222,0.0,0.0,129.57174619879518,99.46720073894595,27.422064,0.54,1.8111801242236025,0.0,0.0,129.24044486316956
2.0,Platform_L7_C3_Wait,L7,PaperImprovedAStar,OurSinglePath,Stair_L7_1,Stair_L7_2,L7_C3_Wait -> Stair_L7_1 -> L7_West_Vert -> VN_L7_Corner_2 -> L7_7,L7_C3_Wait -> Stair_L7_2 -> L7_N_West -> VN_L7_Corner_1 -> L7_8/9,42.68428351430936,256.18982400000004,1.08,2.534850640113798,0.0,0.0,302.4889581544232,47.49189696042053,240.0,3.0,3.0741805635422654,0.0,0.0,293.5660775239628
3.0,Platform_L18_C5_Wait,L18,PaperImprovedAStar,OurSinglePath,Escalator_L18_down4,Stair_L18_2,L18_C5_Wait -> Escalator_L18_down4 -> L18_S2 -> VN_L18_Exit17_Entrance -> Stair_L18_Exit17 -> L18_17,L18_C5_Wait -> Stair_L18_2 -> L18_S2 -> VN_L18_Exit17_Entrance -> Stair_L18_Exit17 -> L18_17,93.9364115974564,20.637257142857145,0.6171428571428572,1.872399445214979,0.0,0.0,117.06321104267138,94.34325302409881,20.637257142857145,0.6171428571428572,1.3416149068322982,0.0,0.0,116.93926793093111
3.0,Platform_L18_C6_Wait,L18,PaperImprovedAStar,OurSinglePath,Escalator_L18_down4,Stair_L18_2,L18_C6_Wait -> Escalator_L18_down4 -> L18_S2 -> VN_L18_Exit17_Entrance -> Stair_L18_Exit17 -> L18_17,L18_C6_Wait -> Stair_L18_2 -> L18_S2 -> VN_L18_Exit17_Entrance -> Stair_L18_Exit17 -> L18_17,96.18686409061209,20.637257142857145,0.6171428571428572,2.246879334257975,0.0,0.0,119.68814342487006,96.64274488777036,20.637257142857145,0.6171428571428572,1.6099378881987578,0.0,0.0,119.50708277596912
3.0,Platform_L7_C3_Wait,L7,PaperImprovedAStar,OurSinglePath,Stair_L7_1,Stair_L7_2,L7_C3_Wait -> Stair_L7_1 -> L7_West_Vert -> VN_L7_Corner_2 -> L7_7,L7_C3_Wait -> Stair_L7_2 -> L7_N_West -> VN_L7_Corner_1 -> L7_8/9,42.68428351430936,225.438336,1.08,2.3812233285917497,0.0,0.0,271.5838428429011,47.49189696042053,212.39999999999998,3.0,2.8878665899942493,0.0,0.0,265.77976355041477
4.0,Platform_L18_C5_Wait,L18,PaperImprovedAStar,OurSinglePath,Escalator_L18_down4,Stair_L18_2,L18_C5_Wait -> Escalator_L18_down4 -> L18_S2 -> VN_L18_Exit17_Entrance -> Stair_L18_Exit17 -> L18_17,L18_C5_Wait -> Stair_L18_2 -> L18_S2 -> VN_L18_Exit17_Entrance -> Stair_L18_Exit17 -> L18_17,93.9364115974564,12.811885714285713,0.6171428571428572,1.6851595006934812,0.0,0.0,109.05059966957845,94.34325302409881,12.811885714285713,0.6171428571428572,1.2074534161490684,0.0,0.0,108.97973501167645
4.0,Platform_L18_C6_Wait,L18,PaperImprovedAStar,OurSinglePath,Escalator_L18_down4,Stair_L18_2,L18_C6_Wait -> Escalator_L18_down4 -> L18_S2 -> VN_L18_Exit17_Entrance -> Stair_L18_Exit17 -> L18_17,L18_C6_Wait -> Stair_L18_2 -> L18_S2 -> VN_L18_Exit17_Entrance -> Stair_L18_Exit17 -> L18_17,96.18686409061209,12.811885714285713,0.6171428571428572,2.059639389736477,0.0,0.0,111.67553205177714,96.64274488777036,12.811885714285713,0.6171428571428572,1.475776397515528,0.0,0.0,111.54754985671445
4.0,Platform_L7_C3_Wait,L7,PaperImprovedAStar,OurSinglePath,Stair_L7_1,Stair_L7_2,L7_C3_Wait -> Stair_L7_1 -> L7_West_Vert -> VN_L7_Corner_2 -> L7_7,L7_C3_Wait -> Stair_L7_2 -> L7_N_West -> VN_L7_Corner_1 -> L7_8/9,42.68428351430936,196.6464,1.08,2.2275960170697013,0.0,0.0,242.63827953137906,47.49189696042053,186.48,3.0,2.7015526164462336,0.0,0.0,239.67344957686674
5.0,Platform_L18_C6_Wait,L18,PaperImprovedAStar,OurSinglePath,Escalator_L18_down4,Stair_L18_2,L18_C6_Wait -> Escalator_L18_down4 -> L18_S2 -> VN_L18_Exit17_Entrance -> Stair_L18_Exit17 -> L18_17,L18_C6_Wait -> Stair_L18_2 -> L18_S2 -> VN_L18_Exit17_Entrance -> Stair_L18_Exit17 -> L18_17,96.18686409061209,6.763885714285715,0.6171428571428572,1.7787794729542301,0.0,0.0,105.34667213499489,96.64274488777036,6.763885714285715,0.6171428571428572,1.2745341614906833,0.0,0.0,105.29830762068961
5.0,Platform_L2_Z1_Wait,L2,PaperImprovedAStar,OurSinglePath,Stair_L2_1,Stair_L2_3,L2_Z1_Wait -> Stair_L2_1 -> L2_N_West -> L2_2,L2_Z1_Wait -> Stair_L2_3 -> L2_S_West -> L2_4,36.4259741260325,439.3405439999999,1.08,6.180667443415146,0.0,12.078000000000001,495.10518556944754,44.816958095040974,425.60640000000006,0.6171428571428572,6.115867443415146,0.0,11.880000000000003,489.036368395599
5.0,Platform_L2_Z2_Wait,L2,PaperImprovedAStar,OurSinglePath,Escalator_L2_up1,Stair_L2_3,L2_Z2_Wait -> Escalator_L2_up1 -> L2_S_West -> L2_4,L2_Z2_Wait -> Stair_L2_3 -> L2_S_West -> L2_4,34.38799194915286,425.60640000000006,0.6171428571428572,8.939020408163266,0.0,11.880000000000003,481.43055521445905,35.20564935027352,425.60640000000006,0.6171428571428572,7.291686371884252,0.0,11.880000000000003,480.6008785793007
5.0,Platform_L7_C3_Wait,L7,PaperImprovedAStar,OurSinglePath,Stair_L7_1,Stair_L7_2,L7_C3_Wait -> Stair_L7_1 -> L7_West_Vert -> VN_L7_Corner_2 -> L7_7,L7_C3_Wait -> Stair_L7_2 -> L7_N_West -> VN_L7_Corner_1 -> L7_8/9,42.68428351430936,178.540416,1.08,2.073968705547653,0.0,0.0,224.378668219857,47.49189696042053,162.23999999999998,3.0,2.515238642898217,0.0,0.0,215.24713560331872
6.0,Platform_L2_Z1_Wait,L2,PaperImprovedAStar,OurSinglePath,Stair_L2_1,Stair_L2_3,L2_Z1_Wait -> Stair_L2_1 -> L2_N_West -> L2_2,L2_Z1_Wait -> Stair_L2_3 -> L2_S_West -> L2_4,36.4259741260325,398.79129599999993,1.08,5.80061182313055,0.0,11.484,453.581881949163,44.816958095040974,387.5657142857143,0.6171428571428572,5.745068965987694,0.0,11.314285714285717,450.05916991817156
6.0,Platform_L2_Z2_Wait,L2,PaperImprovedAStar,OurSinglePath,Escalator_L2_up1,Stair_L2_3,L2_Z2_Wait -> Escalator_L2_up1 -> L2_S_West -> L2_4,L2_Z2_Wait -> Stair_L2_3 -> L2_S_West -> L2_4,34.38799194915286,387.5657142857143,0.6171428571428572,8.478367346938775,0.0,11.314285714285717,442.3635021532345,35.20564935027352,387.5657142857143,0.6171428571428572,6.920887894456799,0.0,11.314285714285717,441.6236801018732
6.0,Platform_L7_C3_Wait,L7,PaperImprovedAStar,OurSinglePath,Stair_L7_1,Stair_L7_2,L7_C3_Wait -> Stair_L7_1 -> L7_West_Vert -> VN_L7_Corner_2 -> L7_7,L7_C3_Wait -> Stair_L7_2 -> L7_N_West -> VN_L7_Corner_1 -> L7_8/9,42.68428351430936,153.01439999999997,1.08,1.9203413940256044,0.0,0.0,198.69902490833493,47.49189696042053,139.67999999999998,3.0,2.3289246693502013,0.0,0.0,192.5008216297707
7.0,Platform_L2_Z1_Wait,L2,PaperImprovedAStar,OurSinglePath,Stair_L2_1,Escalator_L2_up1,L2_Z1_Wait -> Stair_L2_1 -> L2_N_West -> L2_2,L2_Z1_Wait -> Escalator_L2_up1 -> L2_S_West -> L2_4,36.4259741260325,360.20160000000004,1.08,5.4205562028459555,0.0,10.89,414.0181303288785,43.882542126480416,351.30240000000003,0.6171428571428572,6.272816326530612,0.0,10.74857142857143,412.82347273872534
7.0,Platform_L2_Z2_Wait,L2,PaperImprovedAStar,OurSinglePath,Escalator_L2_up1,Stair_L2_3,L2_Z2_Wait -> Escalator_L2_up1 -> L2_S_West -> L2_4,L2_Z2_Wait -> Stair_L2_3 -> L2_S_West -> L2_4,34.38799194915286,351.30240000000003,0.6171428571428572,8.017714285714286,0.0,10.74857142857143,405.0738205205815,35.20564935027352,351.30240000000003,0.6171428571428572,6.550089417029347,0.0,10.74857142857143,404.4238530530172
7.0,Platform_L7_C3_Wait,L7,PaperImprovedAStar,OurSinglePath,Stair_L7_1,Stair_L7_2,L7_C3_Wait -> Stair_L7_1 -> L7_West_Vert -> VN_L7_Corner_2 -> L7_7,L7_C3_Wait -> Stair_L7_2 -> L7_N_West -> VN_L7_Corner_1 -> L7_8/9,42.68428351430936,129.447936,1.08,1.766714082503556,0.0,0.0,174.9789335968129,47.49189696042053,118.8,3.0,2.142610695802185,0.0,0.0,171.4345076562227
8.0,Platform_L2_Z1_Wait,L2,PaperImprovedAStar,OurSinglePath,Stair_L2_1,Stair_L2_2,L2_Z1_Wait -> Stair_L2_1 -> L2_N_West -> L2_2,L2_Z1_Wait -> Stair_L2_2 -> VN_L2_to_L16_Entrance -> Transfer_L2_L16_Esc4 -> VN_L2_to_L16_Passageway_Start -> VN_L2_to_L16_Passageway_End -> VN_L2_to_L16_Bridge_Trapezoid -> VN_L2_to_L16_Hall_Arrival -> L16_S1 -> L16_11,36.4259741260325,323.57145600000007,1.08,5.040500582561361,0.0,10.296000000000003,376.4139307085939,297.283725851885,0.0,0.43199999999999994,1.67090058256136,1.6875,0.0,301.0741264344463
8.0,Platform_L2_Z2_Wait,L2,PaperImprovedAStar,OurSinglePath,Escalator_L2_up1,Stair_L2_2,L2_Z2_Wait -> Escalator_L2_up1 -> L2_S_West -> L2_4,L2_Z2_Wait -> Stair_L2_2 -> VN_L2_to_L16_Entrance -> Transfer_L2_L16_Esc4 -> VN_L2_to_L16_Passageway_Start -> VN_L2_to_L16_Passageway_End -> VN_L2_to_L16_Bridge_Trapezoid -> VN_L2_to_L16_Hall_Arrival -> L16_S1 -> L16_11,34.38799194915286,323.57145600000007,0.6171428571428572,7.594089795918367,0.0,10.296000000000003,376.4666806022142,320.7758866428808,0.0,0.43199999999999994,2.846719511030465,1.6875,0.0,325.74210615391127
8.0,Platform_L2_Z3_Wait,L2,PaperImprovedAStar,OurSinglePath,Escalator_L2_down1,Stair_L2_4,L2_Z3_Wait -> Escalator_L2_down1 -> L2_S_East -> L2_3,L2_Z3_Wait -> Stair_L2_4 -> VN_L2_to_L16_Entrance -> Transfer_L2_L16_Esc4 -> VN_L2_to_L16_Passageway_Start -> VN_L2_to_L16_Passageway_End -> VN_L2_to_L16_Bridge_Trapezoid -> VN_L2_to_L16_Hall_Arrival -> L16_S1 -> L16_11,34.07251801174855,323.57145599999996,0.8639999999999999,13.180589010989012,0.0,10.296,381.9845630227375,341.7136971053222,0.0,0.43199999999999994,4.436395759717314,1.6875,0.0,348.2695928650395
8.0,Platform_L2_Z4_Wait,L2,PaperImprovedAStar,OurSinglePath,Escalator_L2_down1,Stair_L2_4,L2_Z4_Wait -> Escalator_L2_down1 -> L2_S_East -> L2_3,L2_Z4_Wait -> Stair_L2_4 -> VN_L2_to_L16_Entrance -> Transfer_L2_L16_Esc4 -> VN_L2_to_L16_Passageway_Start -> VN_L2_to_L16_Passageway_End -> VN_L2_to_L16_Bridge_Trapezoid -> VN_L2_to_L16_Hall_Arrival -> L16_S1 -> L16_11,41.62145756501829,323.57145599999996,0.8639999999999999,9.224545054945054,0.0,10.296,385.5774586199633,349.6622868731203,0.0,0.43199999999999994,2.647526501766784,1.6875,0.0,354.4293133748871
8.0,Platform_L7_C3_Wait,L7,PaperImprovedAStar,OurSinglePath,Stair_L7_1,Stair_L7_2,L7_C3_Wait -> Stair_L7_1 -> L7_West_Vert -> VN_L7_Corner_2 -> L7_7,L7_C3_Wait -> Stair_L7_2 -> L7_N_West -> VN_L7_Corner_1 -> L7_8/9,42.68428351430936,107.84102399999999,1.08,1.613086770981508,0.0,0.0,153.21839428529086,47.49189696042053,99.60000000000001,3.0,1.9562967222541687,0.0,0.0,152.0481936826747
9.0,Platform_L2_Z1_Wait,L2,PaperImprovedAStar,OurSinglePath,Stair_L2_1,Stair_L2_2,L2_Z1_Wait -> Stair_L2_1 -> L2_N_West -> L2_2,L2_Z1_Wait -> Stair_L2_2 -> VN_L2_to_L16_Entrance -> Transfer_L2_L16_Esc4 -> VN_L2_to_L16_Passageway_Start -> VN_L2_to_L16_Passageway_End -> VN_L2_to_L16_Bridge_Trapezoid -> VN_L2_to_L16_Hall_Arrival -> L16_S1 -> L16_11,36.4259741260325,288.90086399999996,1.08,4.722330169038296,0.0,9.702000000000002,340.83116829507077,191.18202452375482,0.0,0.43199999999999994,1.5471301690382961,1.2053571428571428,0.0,194.36651183565027
9.0,Platform_L2_Z2_Wait,L2,PaperImprovedAStar,OurSinglePath,Stair_L2_3,Stair_L2_2,L2_Z2_Wait -> Stair_L2_3 -> L2_N_West -> L2_2,L2_Z2_Wait -> Stair_L2_2 -> VN_L2_to_L16_Entrance -> Transfer_L2_L16_Esc4 -> VN_L2_to_L16_Passageway_Start -> VN_L2_to_L16_Passageway_End -> VN_L2_to_L16_Bridge_Trapezoid -> VN_L2_to_L16_Hall_Arrival -> L16_S1 -> L16_11,34.743477542854514,288.90086399999996,1.08,5.898149097507401,0.0,9.702000000000002,340.3244906403619,214.67418531475062,0.0,0.43199999999999994,2.7229490975074016,1.2053571428571428,0.0,219.03449155511515
9.0,Platform_L2_Z3_Wait,L2,PaperImprovedAStar,OurSinglePath,Escalator_L2_down1,Stair_L2_4,L2_Z3_Wait -> Escalator_L2_down1 -> L2_S_East -> L2_3,L2_Z3_Wait -> Stair_L2_4 -> VN_L2_to_L16_Entrance -> Transfer_L2_L16_Esc4 -> VN_L2_to_L16_Passageway_Start -> VN_L2_to_L16_Passageway_End -> VN_L2_to_L16_Bridge_Trapezoid -> VN_L2_to_L16_Hall_Arrival -> L16_S1 -> L16_11,34.07251801174855,286.65916415999993,0.8639999999999999,12.814987252747251,0.0,9.6624,344.0730694244957,235.611995777192,0.0,0.43199999999999994,4.364840989399293,1.2053571428571428,0.0,241.61419390944843
9.0,Platform_L2_Z4_Wait,L2,PaperImprovedAStar,OurSinglePath,Escalator_L2_down1,Stair_L2_4,L2_Z4_Wait -> Escalator_L2_down1 -> L2_S_East -> L2_3,L2_Z4_Wait -> Stair_L2_4 -> VN_L2_to_L16_Entrance -> Transfer_L2_L16_Esc4 -> VN_L2_to_L16_Passageway_Start -> VN_L2_to_L16_Passageway_End -> VN_L2_to_L16_Bridge_Trapezoid -> VN_L2_to_L16_Hall_Arrival -> L16_S1 -> L16_11,41.62145756501829,286.65916415999993,0.8639999999999999,8.858943296703297,0.0,9.6624,347.6659650217215,243.56058554499012,0.0,0.43199999999999994,2.575971731448763,1.2053571428571428,0.0,247.77391441929603
10.0,Platform_L2_Z1_Wait,L2,PaperImprovedAStar,OurSinglePath,Stair_L2_1,Stair_L2_2,L2_Z1_Wait -> Stair_L2_1 -> L2_N_West -> L2_2,L2_Z1_Wait -> Stair_L2_2 -> VN_L2_to_L16_Entrance -> Transfer_L2_L16_Esc4 -> VN_L2_to_L16_Passageway_Start -> VN_L2_to_L16_Passageway_End -> VN_L2_to_L16_Bridge_Trapezoid -> VN_L2_to_L16_Hall_Arrival -> L16_S1 -> L16_11,36.4259741260325,266.87577600000003,1.08,4.407074548753701,0.0,9.306000000000001,318.09482467478625,180.15771391010156,0.0,0.43199999999999994,1.3614745487537008,0.7232142857142858,0.0,182.67440274456956
10.0,Platform_L2_Z2_Wait,L2,PaperImprovedAStar,OurSinglePath,Stair_L2_3,Stair_L2_2,L2_Z2_Wait -> Stair_L2_3 -> L2_N_West -> L2_2,L2_Z2_Wait -> Stair_L2_2 -> VN_L2_to_L16_Entrance -> Transfer_L2_L16_Esc4 -> VN_L2_to_L16_Passageway_Start -> VN_L2_to_L16_Passageway_End -> VN_L2_to_L16_Bridge_Trapezoid -> VN_L2_to_L16_Hall_Arrival -> L16_S1 -> L16_11,34.743477542854514,266.87577600000003,1.08,5.582893477222806,0.0,9.306000000000001,317.5881470200774,203.6498747010974,0.0,0.43199999999999994,2.5372934772228057,0.7232142857142858,0.0,207.34238246403447
10.0,Platform_L2_Z3_Wait,L2,PaperImprovedAStar,OurSinglePath,Escalator_L2_down1,Stair_L2_4,L2_Z3_Wait -> Escalator_L2_down1 -> L2_S_East -> L2_3,L2_Z3_Wait -> Stair_L2_4 -> VN_L2_to_L16_Entrance -> Transfer_L2_L16_Esc4 -> VN_L2_to_L16_Passageway_Start -> VN_L2_to_L16_Passageway_End -> VN_L2_to_L16_Bridge_Trapezoid -> VN_L2_to_L16_Hall_Arrival -> L16_S1 -> L16_11,34.07251801174855,260.43807744,0.8639999999999999,12.342983736263736,0.0,9.1872,316.90477918801224,224.58768516353877,0.0,0.43199999999999994,4.221731448763251,0.7232142857142858,0.0,229.9646308980163
10.0,Platform_L2_Z4_Wait,L2,PaperImprovedAStar,OurSinglePath,Escalator_L2_down1,Stair_L2_4,L2_Z4_Wait -> Escalator_L2_down1 -> L2_S_East -> L2_3,L2_Z4_Wait -> Stair_L2_4 -> VN_L2_to_L16_Entrance -> Transfer_L2_L16_Esc4 -> VN_L2_to_L16_Passageway_Start -> VN_L2_to_L16_Passageway_End -> VN_L2_to_L16_Bridge_Trapezoid -> VN_L2_to_L16_Hall_Arrival -> L16_S1 -> L16_11,41.62145756501829,260.43807744,0.8639999999999999,8.38693978021978,0.0,9.1872,320.497674785238,232.53627493133686,0.0,0.43199999999999994,2.4328621908127204,0.7232142857142858,0.0,236.12435140786386
10.0,Platform_L7_C3_Wait,L7,PaperImprovedAStar,OurSinglePath,Stair_L7_1,Stair_L7_2,L7_C3_Wait -> Stair_L7_1 -> L7_West_Vert -> VN_L7_Corner_2 -> L7_7,L7_C3_Wait -> Stair_L7_2 -> L7_N_West -> VN_L7_Corner_1 -> L7_8/9,42.68428351430936,76.184064,1.08,1.305832147937411,0.0,0.0,121.25417966224677,47.49189696042053,66.24,3.0,1.5836687751581369,0.0,0.0,118.31556573557866
11.0,Platform_L2_Z1_Wait,L2,PaperImprovedAStar,OurSinglePath,Stair_L2_1,Stair_L2_2,L2_Z1_Wait -> Stair_L2_1 -> L2_N_West -> L2_2,L2_Z1_Wait -> Stair_L2_2 -> VN_L2_to_L16_Entrance -> Transfer_L2_L16_Esc4 -> VN_L2_to_L16_Passageway_Start -> VN_L2_to_L16_Passageway_End -> VN_L2_to_L16_Bridge_Trapezoid -> VN_L2_to_L16_Hall_Arrival -> L16_S1 -> L16_11,36.4259741260325,235.471104,1.08,4.027018928469105,0.0,8.712,285.7160970545016,175.39570226293313,0.0,0.43199999999999994,1.1758189284691052,0.24107142857142858,0.0,177.24459261997367
11.0,Platform_L2_Z2_Wait,L2,PaperImprovedAStar,OurSinglePath,Stair_L2_3,Stair_L2_2,L2_Z2_Wait -> Stair_L2_3 -> L2_N_West -> L2_2,L2_Z2_Wait -> Stair_L2_2 -> VN_L2_to_L16_Entrance -> Transfer_L2_L16_Esc4 -> VN_L2_to_L16_Passageway_Start -> VN_L2_to_L16_Passageway_End -> VN_L2_to_L16_Bridge_Trapezoid -> VN_L2_to_L16_Hall_Arrival -> L16_S1 -> L16_11,34.743477542854514,235.471104,1.08,5.20283785693821,0.0,8.712,285.2094193997927,198.88786305392892,0.0,0.43199999999999994,2.3516378569382104,0.24107142857142858,0.0,201.91257233943855
11.0,Platform_L2_Z3_Wait,L2,PaperImprovedAStar,OurSinglePath,Escalator_L2_down1,Stair_L2_4,L2_Z3_Wait -> Escalator_L2_down1 -> L2_S_East -> L2_3,L2_Z3_Wait -> Stair_L2_4 -> VN_L2_to_L16_Entrance -> Transfer_L2_L16_Esc4 -> VN_L2_to_L16_Passageway_Start -> VN_L2_to_L16_Passageway_End -> VN_L2_to_L16_Bridge_Trapezoid -> VN_L2_to_L16_Hall_Arrival -> L16_S1 -> L16_11,34.07251801174855,227.42747135999997,0.8639999999999999,11.660898461538462,0.0,8.553600000000001,282.578487833287,219.82567351637033,0.0,0.43199999999999994,4.007067137809186,0.24107142857142858,0.0,224.50581208275094
11.0,Platform_L2_Z4_Wait,L2,PaperImprovedAStar,OurSinglePath,Escalator_L2_down1,Stair_L2_4,L2_Z4_Wait -> Escalator_L2_down1 -> L2_S_East -> L2_3,L2_Z4_Wait -> Stair_L2_4 -> VN_L2_to_L16_Entrance -> Transfer_L2_L16_Esc4 -> VN_L2_to_L16_Passageway_Start -> VN_L2_to_L16_Passageway_End -> VN_L2_to_L16_Bridge_Trapezoid -> VN_L2_to_L16_Hall_Arrival -> L16_S1 -> L16_11,41.62145756501829,227.42747135999997,0.8639999999999999,7.704854505494506,0.0,8.553600000000001,286.1713834305128,227.77426328416843,0.0,0.43199999999999994,2.218197879858657,0.24107142857142858,0.0,230.6655325925985
11.0,Platform_L7_C3_Wait,L7,PaperImprovedAStar,OurSinglePath,Stair_L7_1,Stair_L7_2,L7_C3_Wait -> Stair_L7_1 -> L7_West_Vert -> VN_L7_Corner_2 -> L7_7,L7_C3_Wait -> Stair_L7_2 -> L7_N_West -> VN_L7_Corner_1 -> L7_8/9,42.68428351430936,59.802624,1.08,1.1522048364153628,0.0,0.0,104.71911235072471,47.49189696042053,52.08,3.0,1.3973548016101207,0.0,0.0,103.96925176203065
12.0,Platform_L2_Z1_Wait,L2,PaperImprovedAStar,OurSinglePath,Stair_L2_1,Stair_L2_2,L2_Z1_Wait -> Stair_L2_1 -> L2_N_West -> L2_2,L2_Z1_Wait -> Stair_L2_2 -> VN_L2_to_L16_Entrance -> Transfer_L2_L16_Esc4 -> VN_L2_to_L16_Passageway_Start -> VN_L2_to_L16_Passageway_End -> VN_L2_to_L16_Bridge_Trapezoid -> VN_L2_to_L16_Hall_Arrival -> L16_S1 -> L16_11,36.4259741260325,206.025984,1.08,3.6469633081845094,0.0,8.118,255.296921434217,173.90294342616394,0.0,0.43199999999999994,0.9901633081845096,0.0,0.0,175.32510673434845
12.0,Platform_L2_Z2_Wait,L2,PaperImprovedAStar,OurSinglePath,Stair_L2_3,Stair_L2_2,L2_Z2_Wait -> Stair_L2_3 -> L2_N_West -> L2_2,L2_Z2_Wait -> Stair_L2_2 -> VN_L2_to_L16_Entrance -> Transfer_L2_L16_Esc4 -> VN_L2_to_L16_Passageway_Start -> VN_L2_to_L16_Passageway_End -> VN_L2_to_L16_Bridge_Trapezoid -> VN_L2_to_L16_Hall_Arrival -> L16_S1 -> L16_11,34.743477542854514,206.025984,1.08,4.822782236653614,0.0,8.118,254.79024377950813,197.39510421715974,0.0,0.43199999999999994,2.1659822366536146,0.0,0.0,199.99308645381336
12.0,Platform_L2_Z3_Wait,L2,PaperImprovedAStar,OurSinglePath,Escalator_L2_down1,Stair_L2_4,L2_Z3_Wait -> Escalator_L2_down1 -> L2_S_East -> L2_3,L2_Z3_Wait -> Stair_L2_4 -> VN_L2_to_L16_Entrance -> Transfer_L2_L16_Esc4 -> VN_L2_to_L16_Passageway_Start -> VN_L2_to_L16_Passageway_End -> VN_L2_to_L16_Bridge_Trapezoid -> VN_L2_to_L16_Hall_Arrival -> L16_S1 -> L16_11,34.07251801174855,204.13264895999995,0.8639999999999999,11.188894945054944,0.0,8.0784,258.33646191680344,218.33291467960115,0.0,0.43199999999999994,3.863957597173145,0.0,0.0,222.6288722767743
12.0,Platform_L2_Z4_Wait,L2,PaperImprovedAStar,OurSinglePath,Escalator_L2_down1,Stair_L2_4,L2_Z4_Wait -> Escalator_L2_down1 -> L2_S_East -> L2_3,L2_Z4_Wait -> Stair_L2_4 -> VN_L2_to_L16_Entrance -> Transfer_L2_L16_Esc4 -> VN_L2_to_L16_Passageway_Start -> VN_L2_to_L16_Passageway_End -> VN_L2_to_L16_Bridge_Trapezoid -> VN_L2_to_L16_Hall_Arrival -> L16_S1 -> L16_11,41.62145756501829,204.13264895999995,0.8639999999999999,7.2328509890109896,0.0,8.0784,261.9293575140292,226.28150444739924,0.0,0.43199999999999994,2.0750883392226145,0.0,0.0,228.78859278662185
13.0,Platform_L2_Z1_Wait,L2,PaperImprovedAStar,OurSinglePath,Stair_L2_1,Stair_L2_2,L2_Z1_Wait -> Stair_L2_1 -> L2_N_West -> L2_2,L2_Z1_Wait -> Stair_L2_2 -> VN_L2_to_L16_Entrance -> Transfer_L2_L16_Esc4 -> VN_L2_to_L16_Passageway_Start -> VN_L2_to_L16_Passageway_End -> VN_L2_to_L16_Bridge_Trapezoid -> VN_L2_to_L16_Hall_Arrival -> L16_S1 -> L16_11,36.4259741260325,178.540416,1.08,3.2669076878999137,0.0,7.524,226.8372978139324,173.90294342616394,0.0,0.43199999999999994,0.804507687899914,0.0,0.0,175.13945111406386
13.0,Platform_L2_Z2_Wait,L2,PaperImprovedAStar,OurSinglePath,Stair_L2_3,Stair_L2_2,L2_Z2_Wait -> Stair_L2_3 -> L2_N_West -> L2_2,L2_Z2_Wait -> Stair_L2_2 -> VN_L2_to_L16_Entrance -> Transfer_L2_L16_Esc4 -> VN_L2_to_L16_Passageway_Start -> VN_L2_to_L16_Passageway_End -> VN_L2_to_L16_Bridge_Trapezoid -> VN_L2_to_L16_Hall_Arrival -> L16_S1 -> L16_11,34.743477542854514,178.540416,1.08,4.4427266163690184,0.0,7.524,226.3306201592235,197.39510421715974,0.0,0.43199999999999994,1.9803266163690192,0.0,0.0,199.80743083352877
13.0,Platform_L2_Z3_Wait,L2,PaperImprovedAStar,OurSinglePath,Escalator_L2_down1,Stair_L2_4,L2_Z3_Wait -> Escalator_L2_down1 -> L2_S_East -> L2_3,L2_Z3_Wait -> Stair_L2_4 -> VN_L2_to_L16_Entrance -> Transfer_L2_L16_Esc4 -> VN_L2_to_L16_Passageway_Start -> VN_L2_to_L16_Passageway_End -> VN_L2_to_L16_Bridge_Trapezoid -> VN_L2_to_L16_Hall_Arrival -> L16_S1 -> L16_11,34.07251801174855,175.02372863999997,0.8639999999999999,10.50680967032967,0.0,7.444800000000001,227.9118563220782,218.33291467960115,0.0,0.43199999999999994,3.649293286219081,0.0,0.0,222.41420796582022
13.0,Platform_L2_Z4_Wait,L2,PaperImprovedAStar,OurSinglePath,Escalator_L2_down1,Stair_L2_4,L2_Z4_Wait -> Escalator_L2_down1 -> L2_S_East -> L2_3,L2_Z4_Wait -> Stair_L2_4 -> VN_L2_to_L16_Entrance -> Transfer_L2_L16_Esc4 -> VN_L2_to_L16_Passageway_Start -> VN_L2_to_L16_Passageway_End -> VN_L2_to_L16_Bridge_Trapezoid -> VN_L2_to_L16_Hall_Arrival -> L16_S1 -> L16_11,41.62145756501829,175.02372863999997,0.8639999999999999,6.550765714285713,0.0,7.444800000000001,231.50475191930397,226.28150444739924,0.0,0.43199999999999994,1.860424028268551,0.0,0.0,228.5739284756678
14.0,Platform_L2_Z1_Wait,L2,PaperImprovedAStar,OurSinglePath,Stair_L2_1,Stair_L2_2,L2_Z1_Wait -> Stair_L2_1 -> L2_N_West -> L2_2,L2_Z1_Wait -> Stair_L2_2 -> VN_L2_to_L16_Entrance -> Transfer_L2_L16_Esc4 -> VN_L2_to_L16_Passageway_Start -> VN_L2_to_L16_Passageway_End -> VN_L2_to_L16_Bridge_Trapezoid -> VN_L2_to_L16_Hall_Arrival -> L16_S1 -> L16_11,36.4259741260325,161.305344,1.08,2.951652067615319,0.0,7.128000000000001,208.8909701936478,173.90294342616394,0.0,0.43199999999999994,0.6188520676153185,0.0,0.0,174.95379549377927
15.0,Platform_L2_Z1_Wait,L2,PaperImprovedAStar,OurSinglePath,Stair_L2_1,Stair_L2_2,L2_Z1_Wait -> Stair_L2_1 -> L2_N_West -> L2_2,L2_Z1_Wait -> Stair_L2_2 -> VN_L2_to_L16_Entrance -> Transfer_L2_L16_Esc4 -> VN_L2_to_L16_Passageway_Start -> VN_L2_to_L16_Passageway_End -> VN_L2_to_L16_Bridge_Trapezoid -> VN_L2_to_L16_Hall_Arrival -> L16_S1 -> L16_11,36.4259741260325,137.08569599999998,1.08,2.5715964473307227,0.0,6.534000000000001,183.6972665733632,173.90294342616394,0.0,0.43199999999999994,0.43319644733072293,0.0,0.0,174.76813987349468
15.0,Platform_L2_Z2_Wait,L2,PaperImprovedAStar,OurSinglePath,Stair_L2_3,Escalator_L2_up1,L2_Z2_Wait -> Stair_L2_3 -> L2_N_West -> L2_2,L2_Z2_Wait -> Escalator_L2_up1 -> L2_S_West -> L2_4,34.743477542854514,137.08569599999998,1.08,3.747415375799828,0.0,6.534000000000001,183.19058891865433,34.38799194915286,133.7857097142857,0.6171428571428572,4.498383673469387,0.0,6.449142857142858,179.73837105119367
16.0,Platform_L2_Z2_Wait,L2,PaperImprovedAStar,OurSinglePath,Stair_L2_3,Escalator_L2_up1,L2_Z2_Wait -> Stair_L2_3 -> L2_N_West -> L2_2,L2_Z2_Wait -> Escalator_L2_up1 -> L2_S_West -> L2_4,34.743477542854514,114.8256,1.08,3.4911301690382963,0.0,5.940000000000001,160.0802077118928,34.38799194915286,112.80778971428572,0.6171428571428572,4.221404081632653,0.0,5.883428571428572,157.91775717364266
16.0,Platform_L7_C4_Wait,L7,PaperImprovedAStar,OurSinglePath,Stair_L7_2,Stair_L7_1,L7_C4_Wait -> Stair_L7_2 -> L7_West_Vert -> VN_L7_Corner_2 -> L7_7,L7_C4_Wait -> Stair_L7_1 -> L7_West_Vert -> VN_L7_Corner_2 -> L7_7,55.96614928889947,9.265536,1.08,1.3973548016101207,0.06204044117647058,0.0,67.77108053168607,56.013701737929395,9.265536,1.08,1.0753911806543386,0.0,0.0,67.43462891858374
17.0,Platform_L2_Z2_Wait,L2,PaperImprovedAStar,OurSinglePath,Stair_L2_3,Escalator_L2_up1,L2_Z2_Wait -> Stair_L2_3 -> L2_N_West -> L2_2,L2_Z2_Wait -> Escalator_L2_up1 -> L2_S_West -> L2_4,34.743477542854514,94.52505599999999,1.08,3.1729597555152322,0.0,5.346000000000001,138.86749329836974,34.38799194915286,93.60724114285715,0.6171428571428572,3.8525877551020407,0.0,5.3177142857142865,137.7826779899692
17.0,Platform_L7_C4_Wait,L7,PaperImprovedAStar,OurSinglePath,Stair_L7_2,Stair_L7_1,L7_C4_Wait -> Stair_L7_2 -> L7_West_Vert -> VN_L7_Corner_2 -> L7_7,L7_C4_Wait -> Stair_L7_1 -> L7_West_Vert -> VN_L7_Corner_2 -> L7_7,57.751633326619014,3.9882239999999998,1.08,1.3041978148361126,0.12408088235294117,0.0,64.24813602380807,56.013701737929395,3.9882239999999998,1.08,0.9217638691322901,0.0,0.0,62.00368960706169
18.0,Platform_L2_Z2_Wait,L2,PaperImprovedAStar,OurSinglePath,Stair_L2_3,Escalator_L2_up1,L2_Z2_Wait -> Stair_L2_3 -> L2_N_West -> L2_2,L2_Z2_Wait -> Escalator_L2_up1 -> L2_S_West -> L2_4,34.743477542854514,76.184064,1.08,2.854789341992169,0.0,4.752000000000001,119.6143308848467,34.38799194915286,76.184064,0.6171428571428572,3.483771428571429,0.0,4.752000000000001,119.42497023486716
18.0,Platform_L7_C4_Wait,L7,PaperImprovedAStar,OurSinglePath,Stair_L7_2,Stair_L7_1,L7_C4_Wait -> Stair_L7_2 -> L7_West_Vert -> VN_L7_Corner_2 -> L7_7,L7_C4_Wait -> Stair_L7_1 -> L7_West_Vert -> VN_L7_Corner_2 -> L7_7,59.83179060571423,0.864,1.08,1.2110408280621046,0.18612132352941177,0.0,63.17295275730575,56.013701737929395,0.864,1.08,0.7681365576102419,0.0,0.0,58.72583829553964
19.0,Platform_L2_Z2_Wait,L2,PaperImprovedAStar,OurSinglePath,Stair_L2_3,Escalator_L2_up1,L2_Z2_Wait -> Stair_L2_3 -> L2_N_West -> L2_2,L2_Z2_Wait -> Escalator_L2_up1 -> L2_S_West -> L2_4,34.743477542854514,65.04537599999999,1.08,2.601418928469105,0.0,4.356,107.8262724713236,34.38799194915286,60.538258285714285,0.6171428571428572,3.1149551020408164,0.0,4.186285714285715,102.84463390833653
19.0,Platform_L7_C4_Wait,L7,PaperImprovedAStar,OurSinglePath,Stair_L7_2,Stair_L7_1,L7_C4_Wait -> Stair_L7_2 -> L7_West_Vert -> VN_L7_Corner_2 -> L7_7,L7_C4_Wait -> Stair_L7_1 -> L7_West_Vert -> VN_L7_Corner_2 -> L7_7,62.28613074627188,0.0,1.08,1.1178838412880965,0.24816176470588233,0.0,64.73217635226585,56.013701737929395,0.0,1.08,0.6145092460881935,0.0,0.0,57.70821098401759
20.0,Platform_L2_Z2_Wait,L2,PaperImprovedAStar,OurSinglePath,Stair_L2_3,Escalator_L2_up1,L2_Z2_Wait -> Stair_L2_3 -> L2_N_West -> L2_2,L2_Z2_Wait -> Escalator_L2_up1 -> L2_S_West -> L2_4,34.743477542854514,49.970304,1.08,2.2832485149460413,0.0,3.762,91.83903005780056,34.38799194915286,46.669824000000006,0.6171428571428572,2.746138775510204,0.0,3.6205714285714294,88.04166901037736
20.0,Platform_L7_C4_Wait,L7,PaperImprovedAStar,OurSinglePath,Stair_L7_2,Stair_L7_1,L7_C4_Wait -> Stair_L7_2 -> L7_West_Vert -> VN_L7_Corner_2 -> L7_7,L7_C4_Wait -> Stair_L7_1 -> L7_West_Vert -> VN_L7_Corner_2 -> L7_7,65.22559506652438,0.0,1.08,0.9315698677400804,0.3102022058823529,0.0,67.5473671401468,56.013701737929395,0.0,1.08,0.38406827880512096,0.0,0.0,57.47777001673452
21.0,Platform_L2_Z2_Wait,L2,PaperImprovedAStar,OurSinglePath,Stair_L2_3,Escalator_L2_up1,L2_Z2_Wait -> Stair_L2_3 -> L2_N_West -> L2_2,L2_Z2_Wait -> Escalator_L2_up1 -> L2_S_West -> L2_4,34.743477542854514,36.854783999999995,1.08,1.9650781014229777,0.0,3.168,77.81133964427748,34.38799194915286,34.578761142857154,0.6171428571428572,2.3773224489795917,0.0,3.0548571428571436,75.0160755409896
21.0,Platform_L7_C4_Wait,L7,PaperImprovedAStar,OurSinglePath,Stair_L7_2,Stair_L7_1,L7_C4_Wait -> Stair_L7_2 -> L7_West_Vert -> VN_L7_Corner_2 -> L7_7,L7_C4_Wait -> Stair_L7_1 -> L7_West_Vert -> VN_L7_Corner_2 -> L7_7,68.80979189809142,0.0,1.08,0.8384128809660724,0.37224264705882354,0.0,71.10044742611632,56.013701737929395,0.0,1.08,0.23044096728307253,0.0,0.0,57.324142705212466
22.0,Platform_L7_C4_Wait,L7,PaperImprovedAStar,OurSinglePath,Stair_L7_2,Stair_L7_1,L7_C4_Wait -> Stair_L7_2 -> L7_West_Vert -> VN_L7_Corner_2 -> L7_7,L7_C4_Wait -> Stair_L7_1 -> L7_West_Vert -> VN_L7_Corner_2 -> L7_7,73.27696986648463,0.0,1.08,0.7452558941920644,0.4342830882352941,0.0,75.53650884891199,56.013701737929395,0.0,1.08,0.07681365576102418,0.0,0.0,57.17051539369042
23.0,Platform_L2_Z2_Wait,L2,PaperImprovedAStar,OurSinglePath,Stair_L2_3,Escalator_L2_up1,L2_Z2_Wait -> Stair_L2_3 -> L2_N_West -> L2_2,L2_Z2_Wait -> Escalator_L2_up1 -> L2_S_West -> L2_4,34.743477542854514,19.350144,1.08,1.3935372743768504,0.0,2.178,58.74515881723136,34.38799194915286,17.293824000000004,0.6171428571428572,1.6767183673469388,0.0,2.036571428571429,56.01224860221409
24.0,Platform_L2_Z2_Wait,L2,PaperImprovedAStar,OurSinglePath,Stair_L2_3,Escalator_L2_up1,L2_Z2_Wait -> Stair_L2_3 -> L2_N_West -> L2_2,L2_Z2_Wait -> Escalator_L2_up1 -> L2_S_West -> L2_4,34.743477542854514,11.460096,1.08,1.0753668608537867,0.0,1.584,49.9429404037083,34.38799194915286,10.179401142857142,0.6171428571428572,1.3079020408163267,0.0,1.470857142857143,47.96329513282633
25.0,Platform_L2_Z2_Wait,L2,PaperImprovedAStar,OurSinglePath,Stair_L2_3,Escalator_L2_up1,L2_Z2_Wait -> Stair_L2_3 -> L2_N_West -> L2_2,L2_Z2_Wait -> Escalator_L2_up1 -> L2_S_West -> L2_4,34.743477542854514,5.5296,1.08,0.7571964473307229,0.0,0.9900000000000001,43.10027399018524,34.38799194915286,4.842349714285715,0.6171428571428572,0.9390857142857143,0.0,0.9051428571428574,41.691713092010005
26.0,Platform_L2_Z2_Wait,L2,PaperImprovedAStar,OurSinglePath,Stair_L2_3,Escalator_L2_up1,L2_Z2_Wait -> Stair_L2_3 -> L2_N_West -> L2_2,L2_Z2_Wait -> Escalator_L2_up1 -> L2_S_West -> L2_4,34.743477542854514,1.728,1.08,0.43902603380765926,0.0,0.396,38.38650357666217,34.38799194915286,1.4811428571428573,0.6171428571428572,0.570269387755102,0.0,0.33942857142857147,37.39597562262225
27.0,Platform_L2_Z2_Wait,L2,PaperImprovedAStar,OurSinglePath,Stair_L2_3,Escalator_L2_up1,L2_Z2_Wait -> Stair_L2_3 -> L2_N_West -> L2_2,L2_Z2_Wait -> Escalator_L2_up1 -> L2_S_West -> L2_4,34.743477542854514,0.0,1.08,0.18565562028459556,0.0,0.0,36.00913316313911,34.38799194915286,0.0,0.6171428571428572,0.2755102040816326,0.0,0.0,35.280645010377356
28.0,Platform_L2_Z2_Wait,L2,PaperImprovedAStar,OurSinglePath,Stair_L2_3,Escalator_L2_up1,L2_Z2_Wait -> Stair_L2_3 -> L2_N_West -> L2_2,L2_Z2_Wait -> Escalator_L2_up1 -> L2_S_West -> L2_4,34.743477542854514,0.0,1.08,0.06188520676153185,0.0,0.0,35.88536274961604,34.38799194915286,0.0,0.6171428571428572,0.09183673469387756,0.0,0.0,35.0969715409896
42.0,Platform_L2_Z3_Wait,L2,PaperImprovedAStar,OurSinglePath,Escalator_L2_down1,Escalator_L2_up1,L2_Z3_Wait -> Escalator_L2_down1 -> L2_S_West -> L2_4,L2_Z3_Wait -> Escalator_L2_up1 -> L2_S_West -> L2_4,65.05192310528582,0.0,0.6171428571428572,3.164835164835165,0.32967032967032966,0.0,69.16357145693418,61.66305518282944,0.0,0.6171428571428572,1.3775510204081631,0.0,0.0,63.65774906038046
43.0,Platform_L2_Z3_Wait,L2,PaperImprovedAStar,OurSinglePath,Escalator_L2_down1,Escalator_L2_up1,L2_Z3_Wait -> Escalator_L2_down1 -> L2_S_West -> L2_4,L2_Z3_Wait -> Escalator_L2_up1 -> L2_S_West -> L2_4,96.62615747924679,0.0,0.6171428571428572,2.848351648351648,0.3956043956043956,0.0,100.48725638034568,61.66305518282944,0.0,0.6171428571428572,1.1020408163265305,0.0,0.0,63.38223885629883
44.0,Platform_L2_Z3_Wait,L2,PaperImprovedAStar,OurSinglePath,Escalator_L2_down1,Escalator_L2_up1,L2_Z3_Wait -> Escalator_L2_down1 -> L2_S_West -> L2_4,L2_Z3_Wait -> Escalator_L2_up1 -> L2_S_West -> L2_4,179.8529707000757,0.0,0.6171428571428572,2.5318681318681318,0.4615384615384615,0.0,183.46352015062516,61.66305518282944,0.0,0.6171428571428572,0.826530612244898,0.0,0.0,63.10672865221719
45.0,Platform_L2_Z3_Wait,L2,PaperImprovedAStar,OurSinglePath,Escalator_L2_down1,Escalator_L2_up1,L2_Z3_Wait -> Escalator_L2_down1 -> L2_S_West -> L2_4,L2_Z3_Wait -> Escalator_L2_up1 -> L2_S_West -> L2_4,484.1594108120787,0.0,0.6171428571428572,2.2153846153846155,0.5274725274725275,0.0,487.5194108120787,61.66305518282944,0.0,0.6171428571428572,0.5510204081632653,0.0,0.0,62.83121844813556
46.0,Platform_L2_Z3_Wait,L2,PaperImprovedAStar,OurSinglePath,Escalator_L2_down1,Escalator_L2_up1,L2_Z3_Wait -> Escalator_L2_down1 -> L2_S_West -> L2_4,L2_Z3_Wait -> Escalator_L2_up1 -> L2_S_West -> L2_4,719.7281727870069,0.0,0.6171428571428572,2.2153846153846155,0.7252747252747254,0.0,723.2859749848091,61.66305518282944,0.0,0.6171428571428572,0.2755102040816326,0.0,0.0,62.55570824405393
